user_id,plan_type,mrr,subscription_status,churn_date
U00001,Starter,29,Churned,2026-06-05
U00002,Enterprise,249,Active,
U00003,Professional,79,Active,
U00004,Starter,29,Active,
U00005,Free,0,Active,
U00006,Free,0,Active,
U00007,Free,0,Active,
U00008,Professional,79,Churned,2026-02-18
U00009,Starter,29,Active,
U00010,Professional,79,Churned,2026-04-07
U00011,Free,0,Active,
U00012,Enterprise,249,Active,
U00013,Professional,79,Active,
U00014,Free,0,Active,
U00015,Free,0,Active,
U00016,Free,0,Active,
U00017,Free,0,Active,
U00018,Starter,29,Active,
U00019,Starter,29,Churned,2026-05-21
U00020,Free,0,Active,
U00021,Starter,29,Churned,2026-04-16
U00022,Free,0,Churned,2026-02-15
U00023,Free,0,Active,
U00024,Starter,29,Active,
U00025,Starter,29,Active,
U00026,Professional,79,Active,
U00027,Free,0,Active,
U00028,Starter,29,Active,
U00029,Starter,29,Active,
U00030,Free,0,Active,
U00031,Starter,29,Churned,2026-03-27
U00032,Free,0,Churned,2026-04-03
U00033,Free,0,Active,
U00034,Enterprise,249,Active,
U00035,Enterprise,249,Active,
U00036,Professional,79,Active,
U00037,Free,0,Active,
U00038,Free,0,Active,
U00039,Professional,79,Active,
U00040,Starter,29,Churned,2026-02-07
U00041,Free,0,Active,
U00042,Starter,29,Active,
U00043,Free,0,Active,
U00044,Enterprise,249,Churned,2026-03-13
U00045,Free,0,Active,
U00046,Professional,79,Active,
U00047,Free,0,Active,
U00048,Starter,29,Churned,2026-02-19
U00049,Starter,29,Churned,2026-06-01
U00050,Free,0,Active,
U00051,Enterprise,249,Active,
U00052,Professional,79,Active,
U00053,Enterprise,249,Churned,2026-02-10
U00054,Professional,79,Churned,2026-06-03
U00055,Starter,29,Active,
U00056,Enterprise,249,Churned,2026-03-10
U00057,Free,0,Active,
U00058,Free,0,Active,
U00059,Free,0,Active,
U00060,Free,0,Active,
U00061,Starter,29,Active,
U00062,Free,0,Churned,2026-04-04
U00063,Professional,79,Active,
U00064,Starter,29,Active,
U00065,Free,0,Churned,2026-04-05
U00066,Starter,29,Active,
U00067,Free,0,Active,
U00068,Professional,79,Active,
U00069,Free,0,Active,
U00070,Enterprise,249,Churned,2026-02-14
U00071,Professional,79,Active,
U00072,Free,0,Churned,2026-03-29
U00073,Free,0,Churned,2026-04-12
U00074,Professional,79,Active,
U00075,Professional,79,Active,
U00076,Professional,79,Active,
U00077,Professional,79,Churned,2026-04-03
U00078,Free,0,Churned,2026-04-03
U00079,Starter,29,Active,
U00080,Free,0,Churned,2026-03-04
U00081,Professional,79,Active,
U00082,Starter,29,Active,
U00083,Free,0,Active,
U00084,Free,0,Active,
U00085,Free,0,Churned,2026-02-26
U00086,Free,0,Active,
U00087,Professional,79,Churned,2026-04-02
U00088,Starter,29,Churned,2026-02-23
U00089,Professional,79,Active,
U00090,Starter,29,Active,
U00091,Free,0,Active,
U00092,Professional,79,Active,
U00093,Professional,79,Active,
U00094,Starter,29,Active,
U00095,Professional,79,Active,
U00096,Starter,29,Active,
U00097,Starter,29,Active,
U00098,Starter,29,Active,
U00099,Free,0,Churned,2026-03-15
U00100,Free,0,Churned,2026-03-30
U00101,Free,0,Active,
U00102,Starter,29,Active,
U00103,Free,0,Active,
U00104,Starter,29,Active,
U00105,Enterprise,249,Active,
U00106,Free,0,Churned,2026-03-13
U00107,Starter,29,Active,
U00108,Professional,79,Active,
U00109,Free,0,Active,
U00110,Free,0,Active,
U00111,Free,0,Churned,2026-04-15
U00112,Free,0,Active,
U00113,Enterprise,249,Active,
U00114,Professional,79,Churned,2026-05-05
U00115,Starter,29,Active,
U00116,Professional,79,Active,
U00117,Professional,79,Active,
U00118,Free,0,Active,
U00119,Professional,79,Active,
U00120,Starter,29,Active,
U00121,Professional,79,Active,
U00122,Professional,79,Churned,2026-04-30
U00123,Free,0,Churned,2026-05-22
U00124,Free,0,Active,
U00125,Free,0,Active,
U00126,Starter,29,Active,
U00127,Professional,79,Churned,2026-06-01
U00128,Professional,79,Churned,2026-03-24
U00129,Free,0,Active,
U00130,Starter,29,Active,
U00131,Starter,29,Active,
U00132,Free,0,Churned,2026-03-07
U00133,Free,0,Active,
U00134,Free,0,Active,
U00135,Enterprise,249,Active,
U00136,Free,0,Active,
U00137,Starter,29,Active,
U00138,Professional,79,Active,
U00139,Starter,29,Active,
U00140,Enterprise,249,Active,
U00141,Enterprise,249,Active,
U00142,Free,0,Churned,2026-02-17
U00143,Starter,29,Churned,2026-03-12
U00144,Free,0,Churned,2026-05-14
U00145,Free,0,Churned,2026-05-17
U00146,Free,0,Active,
U00147,Starter,29,Active,
U00148,Starter,29,Active,
U00149,Free,0,Active,
U00150,Free,0,Active,
U00151,Enterprise,249,Active,
U00152,Free,0,Churned,2026-05-10
U00153,Free,0,Churned,2026-04-20
U00154,Starter,29,Active,
U00155,Enterprise,249,Churned,2026-04-08
U00156,Free,0,Active,
U00157,Professional,79,Churned,2026-04-13
U00158,Professional,79,Active,
U00159,Free,0,Churned,2026-03-04
U00160,Professional,79,Active,
U00161,Starter,29,Churned,2026-01-28
U00162,Starter,29,Active,
U00163,Starter,29,Active,
U00164,Starter,29,Churned,2026-04-26
U00165,Free,0,Churned,2026-02-26
U00166,Professional,79,Active,
U00167,Free,0,Active,
U00168,Free,0,Active,
U00169,Free,0,Active,
U00170,Starter,29,Active,
U00171,Professional,79,Active,
U00172,Free,0,Active,
U00173,Starter,29,Active,
U00174,Free,0,Active,
U00175,Starter,29,Churned,2026-03-20
U00176,Free,0,Active,
U00177,Professional,79,Active,
U00178,Starter,29,Active,
U00179,Enterprise,249,Active,
U00180,Free,0,Active,
U00181,Free,0,Churned,2026-03-24
U00182,Free,0,Churned,2026-03-10
U00183,Enterprise,249,Churned,2026-06-10
U00184,Professional,79,Active,
U00185,Free,0,Active,
U00186,Professional,79,Active,
U00187,Professional,79,Active,
U00188,Starter,29,Active,
U00189,Starter,29,Active,
U00190,Free,0,Active,
U00191,Free,0,Churned,2026-05-17
U00192,Professional,79,Active,
U00193,Enterprise,249,Churned,2026-03-22
U00194,Starter,29,Churned,2026-02-27
U00195,Free,0,Active,
U00196,Free,0,Active,
U00197,Professional,79,Active,
U00198,Professional,79,Active,
U00199,Professional,79,Active,
U00200,Professional,79,Active,
U00201,Starter,29,Active,
U00202,Free,0,Active,
U00203,Free,0,Active,
U00204,Professional,79,Active,
U00205,Starter,29,Active,
U00206,Free,0,Churned,2026-04-06
U00207,Free,0,Active,
U00208,Professional,79,Active,
U00209,Free,0,Active,
U00210,Free,0,Active,
U00211,Starter,29,Active,
U00212,Professional,79,Active,
U00213,Professional,79,Churned,2026-03-13
U00214,Free,0,Active,
U00215,Professional,79,Churned,2026-05-13
U00216,Free,0,Churned,2026-02-03
U00217,Free,0,Churned,2026-04-10
U00218,Professional,79,Active,
U00219,Starter,29,Churned,2026-05-01
U00220,Professional,79,Active,
U00221,Professional,79,Active,
U00222,Starter,29,Churned,2026-03-11
U00223,Free,0,Active,
U00224,Starter,29,Active,
U00225,Free,0,Churned,2026-04-09
U00226,Free,0,Active,
U00227,Enterprise,249,Churned,2026-03-30
U00228,Starter,29,Active,
U00229,Professional,79,Active,
U00230,Starter,29,Churned,2026-06-19
U00231,Professional,79,Churned,2026-04-01
U00232,Starter,29,Active,
U00233,Starter,29,Active,
U00234,Starter,29,Active,
U00235,Free,0,Churned,2026-05-28
U00236,Professional,79,Active,
U00237,Free,0,Active,
U00238,Free,0,Churned,2026-04-20
U00239,Starter,29,Active,
U00240,Free,0,Active,
U00241,Enterprise,249,Churned,2026-04-28
U00242,Enterprise,249,Churned,2026-01-31
U00243,Enterprise,249,Active,
U00244,Starter,29,Active,
U00245,Free,0,Active,
U00246,Enterprise,249,Active,
U00247,Starter,29,Churned,2026-04-16
U00248,Enterprise,249,Active,
U00249,Enterprise,249,Active,
U00250,Professional,79,Active,
U00251,Free,0,Churned,2026-03-19
U00252,Starter,29,Active,
U00253,Professional,79,Active,
U00254,Free,0,Active,
U00255,Free,0,Active,
U00256,Starter,29,Active,
U00257,Enterprise,249,Active,
U00258,Professional,79,Churned,2026-04-10
U00259,Starter,29,Active,
U00260,Free,0,Active,
U00261,Starter,29,Active,
U00262,Enterprise,249,Active,
U00263,Free,0,Active,
U00264,Starter,29,Active,
U00265,Professional,79,Active,
U00266,Professional,79,Active,
U00267,Professional,79,Active,
U00268,Professional,79,Churned,2026-03-28
U00269,Starter,29,Active,
U00270,Free,0,Active,
U00271,Professional,79,Churned,2026-03-03
U00272,Professional,79,Churned,2026-05-19
U00273,Professional,79,Churned,2026-03-05
U00274,Enterprise,249,Active,
U00275,Starter,29,Churned,2026-04-14
U00276,Starter,29,Active,
U00277,Professional,79,Active,
U00278,Starter,29,Active,
U00279,Professional,79,Churned,2026-06-06
U00280,Professional,79,Active,
U00281,Professional,79,Active,
U00282,Free,0,Active,
U00283,Starter,29,Churned,2026-03-02
U00284,Free,0,Active,
U00285,Starter,29,Active,
U00286,Free,0,Active,
U00287,Starter,29,Active,
U00288,Starter,29,Active,
U00289,Free,0,Active,
U00290,Starter,29,Active,
U00291,Free,0,Churned,2026-04-29
U00292,Free,0,Active,
U00293,Professional,79,Active,
U00294,Starter,29,Active,
U00295,Free,0,Active,
U00296,Starter,29,Active,
U00297,Professional,79,Active,
U00298,Free,0,Active,
U00299,Starter,29,Active,
U00300,Free,0,Active,
U00301,Free,0,Active,
U00302,Starter,29,Active,
U00303,Starter,29,Active,
U00304,Starter,29,Churned,2026-02-01
U00305,Professional,79,Churned,2026-03-28
U00306,Enterprise,249,Churned,2026-05-10
U00307,Starter,29,Active,
U00308,Free,0,Active,
U00309,Professional,79,Churned,2026-05-10
U00310,Free,0,Active,
U00311,Starter,29,Active,
U00312,Free,0,Churned,2026-03-08
U00313,Free,0,Active,
U00314,Enterprise,249,Active,
U00315,Professional,79,Churned,2026-04-13
U00316,Professional,79,Active,
U00317,Starter,29,Churned,2026-05-22
U00318,Free,0,Active,
U00319,Free,0,Active,
U00320,Free,0,Active,
U00321,Starter,29,Active,
U00322,Professional,79,Active,
U00323,Professional,79,Active,
U00324,Free,0,Active,
U00325,Enterprise,249,Active,
U00326,Professional,79,Active,
U00327,Starter,29,Churned,2026-03-25
U00328,Starter,29,Churned,2026-03-07
U00329,Starter,29,Active,
U00330,Free,0,Active,
U00331,Starter,29,Churned,2026-03-16
U00332,Professional,79,Active,
U00333,Free,0,Active,
U00334,Free,0,Churned,2026-04-04
U00335,Free,0,Active,
U00336,Free,0,Active,
U00337,Professional,79,Churned,2026-05-10
U00338,Professional,79,Churned,2026-04-25
U00339,Starter,29,Active,
U00340,Free,0,Active,
U00341,Starter,29,Active,
U00342,Starter,29,Churned,2026-05-01
U00343,Free,0,Churned,2026-04-23
U00344,Starter,29,Active,
U00345,Starter,29,Churned,2026-04-14
U00346,Starter,29,Active,
U00347,Starter,29,Active,
U00348,Free,0,Active,
U00349,Starter,29,Active,
U00350,Starter,29,Churned,2026-03-18
U00351,Starter,29,Active,
U00352,Professional,79,Active,
U00353,Professional,79,Active,
U00354,Free,0,Active,
U00355,Free,0,Churned,2026-04-08
U00356,Starter,29,Active,
U00357,Free,0,Churned,2026-06-01
U00358,Starter,29,Active,
U00359,Enterprise,249,Churned,2026-03-21
U00360,Starter,29,Active,
U00361,Starter,29,Active,
U00362,Starter,29,Churned,2026-02-19
U00363,Starter,29,Active,
U00364,Starter,29,Active,
U00365,Enterprise,249,Active,
U00366,Starter,29,Churned,2026-03-07
U00367,Enterprise,249,Churned,2026-03-23
U00368,Enterprise,249,Active,
U00369,Free,0,Active,
U00370,Free,0,Active,
U00371,Free,0,Active,
U00372,Free,0,Active,
U00373,Free,0,Active,
U00374,Professional,79,Churned,2026-03-10
U00375,Free,0,Active,
U00376,Free,0,Active,
U00377,Professional,79,Active,
U00378,Free,0,Active,
U00379,Professional,79,Active,
U00380,Free,0,Active,
U00381,Free,0,Active,
U00382,Professional,79,Active,
U00383,Starter,29,Active,
U00384,Professional,79,Churned,2026-04-28
U00385,Professional,79,Active,
U00386,Professional,79,Churned,2026-02-24
U00387,Free,0,Active,
U00388,Free,0,Active,
U00389,Professional,79,Churned,2026-04-24
U00390,Professional,79,Churned,2026-03-28
U00391,Enterprise,249,Active,
U00392,Starter,29,Active,
U00393,Starter,29,Churned,2026-06-18
U00394,Professional,79,Active,
U00395,Free,0,Active,
U00396,Enterprise,249,Active,
U00397,Professional,79,Active,
U00398,Starter,29,Active,
U00399,Professional,79,Churned,2026-05-23
U00400,Professional,79,Churned,2026-04-13
U00401,Free,0,Active,
U00402,Enterprise,249,Active,
U00403,Starter,29,Active,
U00404,Professional,79,Churned,2026-04-20
U00405,Free,0,Active,
U00406,Professional,79,Active,
U00407,Starter,29,Active,
U00408,Free,0,Active,
U00409,Enterprise,249,Active,
U00410,Free,0,Active,
U00411,Free,0,Active,
U00412,Enterprise,249,Active,
U00413,Enterprise,249,Active,
U00414,Starter,29,Active,
U00415,Starter,29,Active,
U00416,Starter,29,Active,
U00417,Free,0,Active,
U00418,Free,0,Churned,2026-02-27
U00419,Professional,79,Active,
U00420,Professional,79,Active,
U00421,Professional,79,Active,
U00422,Professional,79,Churned,2026-05-13
U00423,Free,0,Active,
U00424,Starter,29,Active,
U00425,Free,0,Active,
U00426,Starter,29,Active,
U00427,Starter,29,Active,
U00428,Professional,79,Active,
U00429,Starter,29,Active,
U00430,Free,0,Active,
U00431,Free,0,Active,
U00432,Professional,79,Active,
U00433,Starter,29,Churned,2026-02-21
U00434,Free,0,Active,
U00435,Free,0,Active,
U00436,Professional,79,Active,
U00437,Free,0,Churned,2026-01-19
U00438,Professional,79,Active,
U00439,Professional,79,Churned,2026-04-08
U00440,Free,0,Active,
U00441,Free,0,Active,
U00442,Enterprise,249,Active,
U00443,Starter,29,Active,
U00444,Starter,29,Active,
U00445,Professional,79,Churned,2026-02-23
U00446,Enterprise,249,Active,
U00447,Enterprise,249,Active,
U00448,Professional,79,Churned,2026-02-25
U00449,Starter,29,Active,
U00450,Free,0,Active,
U00451,Professional,79,Active,
U00452,Starter,29,Active,
U00453,Starter,29,Active,
U00454,Enterprise,249,Active,
U00455,Free,0,Active,
U00456,Starter,29,Active,
U00457,Free,0,Active,
U00458,Starter,29,Active,
U00459,Free,0,Active,
U00460,Free,0,Active,
U00461,Free,0,Active,
U00462,Starter,29,Active,
U00463,Professional,79,Churned,2026-03-13
U00464,Starter,29,Active,
U00465,Enterprise,249,Active,
U00466,Starter,29,Active,
U00467,Free,0,Active,
U00468,Professional,79,Active,
U00469,Free,0,Active,
U00470,Enterprise,249,Active,
U00471,Free,0,Churned,2026-03-22
U00472,Enterprise,249,Active,
U00473,Free,0,Active,
U00474,Professional,79,Active,
U00475,Starter,29,Active,
U00476,Enterprise,249,Active,
U00477,Free,0,Churned,2026-05-05
U00478,Starter,29,Active,
U00479,Enterprise,249,Churned,2026-03-22
U00480,Starter,29,Active,
U00481,Starter,29,Churned,2026-03-13
U00482,Professional,79,Churned,2026-02-23
U00483,Starter,29,Churned,2026-03-12
U00484,Starter,29,Active,
U00485,Starter,29,Active,
U00486,Enterprise,249,Active,
U00487,Free,0,Active,
U00488,Free,0,Churned,2026-03-25
U00489,Enterprise,249,Active,
U00490,Professional,79,Active,
U00491,Starter,29,Active,
U00492,Starter,29,Active,
U00493,Free,0,Active,
U00494,Free,0,Active,
U00495,Starter,29,Active,
U00496,Starter,29,Active,
U00497,Starter,29,Active,
U00498,Free,0,Active,
U00499,Enterprise,249,Active,
U00500,Enterprise,249,Active,
U00501,Professional,79,Churned,2026-03-28
U00502,Starter,29,Active,
U00503,Free,0,Active,
U00504,Professional,79,Active,
U00505,Professional,79,Active,
U00506,Free,0,Active,
U00507,Enterprise,249,Active,
U00508,Professional,79,Active,
U00509,Enterprise,249,Active,
U00510,Professional,79,Active,
U00511,Starter,29,Active,
U00512,Starter,29,Active,
U00513,Enterprise,249,Active,
U00514,Professional,79,Active,
U00515,Free,0,Active,
U00516,Free,0,Active,
U00517,Starter,29,Active,
U00518,Professional,79,Active,
U00519,Enterprise,249,Active,
U00520,Free,0,Active,
U00521,Starter,29,Active,
U00522,Starter,29,Active,
U00523,Enterprise,249,Churned,2026-04-22
U00524,Professional,79,Active,
U00525,Professional,79,Active,
U00526,Starter,29,Churned,2026-04-11
U00527,Starter,29,Active,
U00528,Free,0,Churned,2026-02-12
U00529,Free,0,Active,
U00530,Professional,79,Active,
U00531,Professional,79,Active,
U00532,Enterprise,249,Active,
U00533,Enterprise,249,Active,
U00534,Starter,29,Active,
U00535,Professional,79,Churned,2026-06-05
U00536,Enterprise,249,Active,
U00537,Professional,79,Active,
U00538,Free,0,Churned,2026-03-25
U00539,Starter,29,Active,
U00540,Free,0,Active,
U00541,Enterprise,249,Active,
U00542,Starter,29,Active,
U00543,Free,0,Active,
U00544,Professional,79,Active,
U00545,Starter,29,Active,
U00546,Starter,29,Churned,2026-04-08
U00547,Free,0,Churned,2026-02-28
U00548,Professional,79,Active,
U00549,Starter,29,Active,
U00550,Professional,79,Active,
U00551,Starter,29,Active,
U00552,Professional,79,Active,
U00553,Starter,29,Active,
U00554,Starter,29,Active,
U00555,Professional,79,Active,
U00556,Starter,29,Active,
U00557,Free,0,Churned,2026-04-16
U00558,Free,0,Active,
U00559,Professional,79,Active,
U00560,Starter,29,Active,
U00561,Professional,79,Active,
U00562,Free,0,Active,
U00563,Free,0,Active,
U00564,Free,0,Active,
U00565,Starter,29,Churned,2026-02-27
U00566,Starter,29,Active,
U00567,Starter,29,Active,
U00568,Starter,29,Active,
U00569,Enterprise,249,Active,
U00570,Free,0,Churned,2026-04-15
U00571,Starter,29,Active,
U00572,Professional,79,Active,
U00573,Starter,29,Active,
U00574,Starter,29,Churned,2026-05-05
U00575,Professional,79,Churned,2026-04-09
U00576,Enterprise,249,Churned,2026-03-07
U00577,Free,0,Active,
U00578,Enterprise,249,Active,
U00579,Starter,29,Active,
U00580,Free,0,Active,
U00581,Starter,29,Active,
U00582,Enterprise,249,Churned,2026-06-06
U00583,Starter,29,Active,
U00584,Free,0,Active,
U00585,Starter,29,Churned,2026-06-07
U00586,Free,0,Active,
U00587,Free,0,Active,
U00588,Free,0,Churned,2026-03-25
U00589,Free,0,Active,
U00590,Free,0,Active,
U00591,Free,0,Churned,2026-03-17
U00592,Starter,29,Active,
U00593,Free,0,Active,
U00594,Free,0,Active,
U00595,Professional,79,Active,
U00596,Starter,29,Churned,2026-02-12
U00597,Professional,79,Churned,2026-04-10
U00598,Free,0,Active,
U00599,Free,0,Active,
U00600,Free,0,Active,
U00601,Free,0,Active,
U00602,Free,0,Active,
U00603,Free,0,Active,
U00604,Free,0,Active,
U00605,Free,0,Active,
U00606,Starter,29,Active,
U00607,Free,0,Active,
U00608,Starter,29,Active,
U00609,Starter,29,Active,
U00610,Professional,79,Active,
U00611,Free,0,Active,
U00612,Professional,79,Active,
U00613,Starter,29,Active,
U00614,Free,0,Active,
U00615,Professional,79,Active,
U00616,Enterprise,249,Active,
U00617,Free,0,Active,
U00618,Free,0,Churned,2026-04-12
U00619,Professional,79,Active,
U00620,Professional,79,Active,
U00621,Free,0,Active,
U00622,Free,0,Active,
U00623,Starter,29,Active,
U00624,Starter,29,Active,
U00625,Starter,29,Active,
U00626,Starter,29,Churned,2026-04-07
U00627,Starter,29,Active,
U00628,Professional,79,Active,
U00629,Free,0,Active,
U00630,Free,0,Active,
U00631,Professional,79,Active,
U00632,Professional,79,Active,
U00633,Starter,29,Churned,2026-02-10
U00634,Starter,29,Active,
U00635,Free,0,Churned,2026-05-18
U00636,Starter,29,Active,
U00637,Starter,29,Active,
U00638,Free,0,Churned,2026-03-10
U00639,Free,0,Active,
U00640,Starter,29,Active,
U00641,Free,0,Active,
U00642,Free,0,Churned,2026-03-07
U00643,Free,0,Active,
U00644,Free,0,Active,
U00645,Free,0,Active,
U00646,Professional,79,Churned,2026-06-08
U00647,Starter,29,Active,
U00648,Professional,79,Active,
U00649,Professional,79,Churned,2026-05-11
U00650,Starter,29,Churned,2026-03-25
U00651,Free,0,Active,
U00652,Starter,29,Churned,2026-03-02
U00653,Starter,29,Churned,2026-03-11
U00654,Professional,79,Active,
U00655,Starter,29,Active,
U00656,Free,0,Churned,2026-02-27
U00657,Free,0,Active,
U00658,Starter,29,Active,
U00659,Starter,29,Churned,2026-03-14
U00660,Starter,29,Active,
U00661,Starter,29,Churned,2026-03-04
U00662,Enterprise,249,Churned,2026-03-12
U00663,Starter,29,Active,
U00664,Free,0,Active,
U00665,Free,0,Active,
U00666,Free,0,Active,
U00667,Free,0,Active,
U00668,Free,0,Active,
U00669,Free,0,Churned,2026-04-15
U00670,Free,0,Churned,2026-05-03
U00671,Free,0,Churned,2026-03-17
U00672,Professional,79,Active,
U00673,Free,0,Active,
U00674,Starter,29,Active,
U00675,Starter,29,Active,
U00676,Enterprise,249,Active,
U00677,Free,0,Active,
U00678,Starter,29,Active,
U00679,Enterprise,249,Churned,2026-02-17
U00680,Professional,79,Churned,2026-03-22
U00681,Professional,79,Active,
U00682,Free,0,Active,
U00683,Free,0,Active,
U00684,Professional,79,Active,
U00685,Enterprise,249,Churned,2026-03-27
U00686,Starter,29,Active,
U00687,Starter,29,Active,
U00688,Free,0,Active,
U00689,Professional,79,Churned,2026-05-07
U00690,Free,0,Active,
U00691,Free,0,Churned,2026-04-20
U00692,Starter,29,Churned,2026-04-23
U00693,Starter,29,Active,
U00694,Free,0,Active,
U00695,Free,0,Active,
U00696,Starter,29,Active,
U00697,Free,0,Active,
U00698,Starter,29,Active,
U00699,Free,0,Churned,2026-03-28
U00700,Starter,29,Active,
U00701,Starter,29,Active,
U00702,Free,0,Active,
U00703,Free,0,Active,
U00704,Free,0,Active,
U00705,Free,0,Active,
U00706,Enterprise,249,Active,
U00707,Free,0,Churned,2026-04-24
U00708,Professional,79,Churned,2026-03-28
U00709,Free,0,Churned,2026-03-29
U00710,Professional,79,Active,
U00711,Professional,79,Active,
U00712,Starter,29,Active,
U00713,Starter,29,Active,
U00714,Starter,29,Churned,2026-03-16
U00715,Free,0,Churned,2026-02-27
U00716,Enterprise,249,Active,
U00717,Professional,79,Active,
U00718,Enterprise,249,Churned,2026-05-16
U00719,Free,0,Active,
U00720,Professional,79,Active,
U00721,Enterprise,249,Active,
U00722,Free,0,Churned,2026-03-06
U00723,Free,0,Active,
U00724,Professional,79,Churned,2026-03-17
U00725,Starter,29,Active,
U00726,Professional,79,Churned,2026-02-09
U00727,Free,0,Active,
U00728,Professional,79,Active,
U00729,Free,0,Churned,2026-02-27
U00730,Free,0,Churned,2026-03-13
U00731,Free,0,Active,
U00732,Professional,79,Active,
U00733,Professional,79,Churned,2026-04-25
U00734,Starter,29,Active,
U00735,Starter,29,Active,
U00736,Professional,79,Active,
U00737,Starter,29,Active,
U00738,Professional,79,Active,
U00739,Starter,29,Active,
U00740,Starter,29,Active,
U00741,Starter,29,Active,
U00742,Free,0,Churned,2026-03-19
U00743,Professional,79,Churned,2026-03-22
U00744,Starter,29,Active,
U00745,Free,0,Active,
U00746,Professional,79,Active,
U00747,Starter,29,Active,
U00748,Starter,29,Active,
U00749,Enterprise,249,Active,
U00750,Starter,29,Active,
U00751,Free,0,Active,
U00752,Enterprise,249,Churned,2026-03-14
U00753,Starter,29,Active,
U00754,Free,0,Active,
U00755,Free,0,Active,
U00756,Professional,79,Active,
U00757,Starter,29,Active,
U00758,Starter,29,Active,
U00759,Professional,79,Active,
U00760,Professional,79,Active,
U00761,Free,0,Churned,2026-02-13
U00762,Free,0,Active,
U00763,Free,0,Churned,2026-03-27
U00764,Professional,79,Active,
U00765,Free,0,Active,
U00766,Starter,29,Active,
U00767,Professional,79,Active,
U00768,Professional,79,Churned,2026-03-25
U00769,Free,0,Active,
U00770,Professional,79,Active,
U00771,Free,0,Active,
U00772,Professional,79,Churned,2026-03-25
U00773,Free,0,Active,
U00774,Starter,29,Active,
U00775,Professional,79,Churned,2026-02-01
U00776,Free,0,Active,
U00777,Free,0,Churned,2026-01-15
U00778,Professional,79,Active,
U00779,Professional,79,Active,
U00780,Starter,29,Active,
U00781,Professional,79,Active,
U00782,Starter,29,Churned,2026-02-04
U00783,Free,0,Active,
U00784,Free,0,Churned,2026-04-02
U00785,Free,0,Active,
U00786,Enterprise,249,Active,
U00787,Starter,29,Churned,2026-03-23
U00788,Starter,29,Active,
U00789,Starter,29,Churned,2026-01-22
U00790,Enterprise,249,Active,
U00791,Free,0,Active,
U00792,Starter,29,Churned,2026-01-30
U00793,Starter,29,Active,
U00794,Starter,29,Active,
U00795,Free,0,Active,
U00796,Professional,79,Active,
U00797,Enterprise,249,Active,
U00798,Starter,29,Churned,2026-04-11
U00799,Professional,79,Churned,2026-03-10
U00800,Enterprise,249,Churned,2026-05-04
U00801,Professional,79,Active,
U00802,Free,0,Active,
U00803,Starter,29,Active,
U00804,Starter,29,Active,
U00805,Starter,29,Active,
U00806,Professional,79,Active,
U00807,Enterprise,249,Active,
U00808,Enterprise,249,Active,
U00809,Starter,29,Churned,2026-06-04
U00810,Free,0,Churned,2026-05-02
U00811,Enterprise,249,Active,
U00812,Professional,79,Active,
U00813,Free,0,Active,
U00814,Enterprise,249,Active,
U00815,Professional,79,Churned,2026-06-01
U00816,Starter,29,Active,
U00817,Starter,29,Active,
U00818,Starter,29,Active,
U00819,Free,0,Active,
U00820,Free,0,Churned,2026-04-27
U00821,Professional,79,Active,
U00822,Free,0,Active,
U00823,Free,0,Active,
U00824,Starter,29,Active,
U00825,Starter,29,Active,
U00826,Enterprise,249,Churned,2026-03-23
U00827,Free,0,Active,
U00828,Free,0,Active,
U00829,Professional,79,Active,
U00830,Starter,29,Active,
U00831,Free,0,Active,
U00832,Starter,29,Active,
U00833,Free,0,Active,
U00834,Free,0,Churned,2026-05-21
U00835,Starter,29,Active,
U00836,Starter,29,Active,
U00837,Enterprise,249,Active,
U00838,Starter,29,Churned,2026-04-24
U00839,Starter,29,Active,
U00840,Starter,29,Active,
U00841,Free,0,Active,
U00842,Professional,79,Churned,2026-04-07
U00843,Free,0,Active,
U00844,Enterprise,249,Active,
U00845,Free,0,Active,
U00846,Starter,29,Churned,2026-02-07
U00847,Free,0,Active,
U00848,Enterprise,249,Active,
U00849,Starter,29,Active,
U00850,Starter,29,Active,
U00851,Free,0,Churned,2026-03-29
U00852,Professional,79,Active,
U00853,Free,0,Active,
U00854,Professional,79,Active,
U00855,Free,0,Active,
U00856,Free,0,Active,
U00857,Free,0,Active,
U00858,Starter,29,Active,
U00859,Starter,29,Active,
U00860,Free,0,Active,
U00861,Professional,79,Active,
U00862,Starter,29,Active,
U00863,Starter,29,Active,
U00864,Starter,29,Churned,2026-04-17
U00865,Starter,29,Active,
U00866,Starter,29,Churned,2026-03-16
U00867,Free,0,Active,
U00868,Free,0,Active,
U00869,Professional,79,Active,
U00870,Enterprise,249,Active,
U00871,Starter,29,Active,
U00872,Free,0,Churned,2026-04-11
U00873,Starter,29,Active,
U00874,Starter,29,Active,
U00875,Free,0,Active,
U00876,Free,0,Active,
U00877,Professional,79,Churned,2026-02-11
U00878,Professional,79,Active,
U00879,Free,0,Active,
U00880,Free,0,Churned,2026-05-15
U00881,Free,0,Active,
U00882,Professional,79,Active,
U00883,Free,0,Active,
U00884,Free,0,Active,
U00885,Professional,79,Active,
U00886,Free,0,Active,
U00887,Professional,79,Churned,2026-03-22
U00888,Free,0,Churned,2026-05-19
U00889,Free,0,Active,
U00890,Free,0,Active,
U00891,Professional,79,Churned,2026-04-17
U00892,Professional,79,Active,
U00893,Professional,79,Active,
U00894,Starter,29,Active,
U00895,Professional,79,Active,
U00896,Free,0,Churned,2026-01-28
U00897,Free,0,Active,
U00898,Professional,79,Active,
U00899,Free,0,Active,
U00900,Free,0,Active,
U00901,Free,0,Active,
U00902,Free,0,Active,
U00903,Free,0,Churned,2026-06-04
U00904,Starter,29,Active,
U00905,Starter,29,Active,
U00906,Professional,79,Churned,2026-04-16
U00907,Professional,79,Active,
U00908,Free,0,Active,
U00909,Free,0,Active,
U00910,Starter,29,Active,
U00911,Starter,29,Active,
U00912,Free,0,Active,
U00913,Starter,29,Churned,2026-04-22
U00914,Starter,29,Active,
U00915,Starter,29,Active,
U00916,Starter,29,Active,
U00917,Free,0,Active,
U00918,Enterprise,249,Active,
U00919,Professional,79,Active,
U00920,Free,0,Active,
U00921,Professional,79,Active,
U00922,Starter,29,Active,
U00923,Professional,79,Active,
U00924,Professional,79,Active,
U00925,Starter,29,Active,
U00926,Free,0,Active,
U00927,Free,0,Churned,2026-04-24
U00928,Starter,29,Active,
U00929,Starter,29,Active,
U00930,Free,0,Active,
U00931,Free,0,Active,
U00932,Professional,79,Active,
U00933,Enterprise,249,Active,
U00934,Starter,29,Active,
U00935,Free,0,Active,
U00936,Free,0,Active,
U00937,Free,0,Churned,2026-03-02
U00938,Enterprise,249,Churned,2026-03-09
U00939,Free,0,Active,
U00940,Starter,29,Churned,2026-06-05
U00941,Free,0,Active,
U00942,Starter,29,Active,
U00943,Professional,79,Active,
U00944,Professional,79,Churned,2026-04-13
U00945,Free,0,Active,
U00946,Free,0,Churned,2026-04-01
U00947,Free,0,Churned,2026-03-08
U00948,Enterprise,249,Active,
U00949,Professional,79,Active,
U00950,Starter,29,Active,
U00951,Starter,29,Active,
U00952,Professional,79,Active,
U00953,Free,0,Churned,2026-05-19
U00954,Enterprise,249,Active,
U00955,Starter,29,Active,
U00956,Starter,29,Active,
U00957,Starter,29,Active,
U00958,Free,0,Active,
U00959,Free,0,Active,
U00960,Professional,79,Active,
U00961,Free,0,Active,
U00962,Starter,29,Active,
U00963,Free,0,Churned,2026-05-11
U00964,Starter,29,Active,
U00965,Free,0,Active,
U00966,Starter,29,Active,
U00967,Professional,79,Active,
U00968,Free,0,Active,
U00969,Starter,29,Active,
U00970,Starter,29,Active,
U00971,Professional,79,Churned,2026-05-29
U00972,Enterprise,249,Active,
U00973,Professional,79,Churned,2026-04-17
U00974,Free,0,Active,
U00975,Free,0,Active,
U00976,Free,0,Active,
U00977,Starter,29,Active,
U00978,Free,0,Active,
U00979,Starter,29,Active,
U00980,Starter,29,Active,
U00981,Free,0,Active,
U00982,Professional,79,Active,
U00983,Free,0,Active,
U00984,Free,0,Active,
U00985,Professional,79,Active,
U00986,Starter,29,Active,
U00987,Professional,79,Churned,2026-04-23
U00988,Starter,29,Active,
U00989,Free,0,Active,
U00990,Professional,79,Active,
U00991,Professional,79,Active,
U00992,Professional,79,Active,
U00993,Free,0,Active,
U00994,Starter,29,Active,
U00995,Starter,29,Churned,2026-05-08
U00996,Free,0,Active,
U00997,Enterprise,249,Churned,2026-04-18
U00998,Free,0,Churned,2026-04-09
U00999,Enterprise,249,Active,
U01000,Starter,29,Active,
U01001,Free,0,Churned,2026-04-19
U01002,Starter,29,Active,
U01003,Professional,79,Churned,2026-06-01
U01004,Professional,79,Active,
U01005,Professional,79,Active,
U01006,Professional,79,Churned,2026-04-28
U01007,Professional,79,Active,
U01008,Professional,79,Active,
U01009,Free,0,Active,
U01010,Starter,29,Active,
U01011,Free,0,Active,
U01012,Enterprise,249,Churned,2026-03-05
U01013,Enterprise,249,Active,
U01014,Free,0,Churned,2026-03-25
U01015,Professional,79,Active,
U01016,Enterprise,249,Churned,2026-04-28
U01017,Free,0,Active,
U01018,Starter,29,Active,
U01019,Enterprise,249,Active,
U01020,Free,0,Active,
U01021,Professional,79,Churned,2026-05-01
U01022,Free,0,Churned,2026-02-03
U01023,Enterprise,249,Active,
U01024,Enterprise,249,Active,
U01025,Enterprise,249,Active,
U01026,Starter,29,Active,
U01027,Professional,79,Active,
U01028,Professional,79,Active,
U01029,Free,0,Active,
U01030,Professional,79,Active,
U01031,Free,0,Active,
U01032,Starter,29,Active,
U01033,Free,0,Churned,2026-04-07
U01034,Free,0,Active,
U01035,Free,0,Active,
U01036,Professional,79,Churned,2026-02-16
U01037,Free,0,Active,
U01038,Professional,79,Churned,2026-03-06
U01039,Free,0,Active,
U01040,Free,0,Active,
U01041,Starter,29,Active,
U01042,Professional,79,Active,
U01043,Free,0,Active,
U01044,Starter,29,Active,
U01045,Professional,79,Active,
U01046,Starter,29,Active,
U01047,Free,0,Active,
U01048,Free,0,Active,
U01049,Professional,79,Churned,2026-03-01
U01050,Free,0,Active,
U01051,Professional,79,Active,
U01052,Starter,29,Active,
U01053,Enterprise,249,Active,
U01054,Professional,79,Churned,2026-04-30
U01055,Enterprise,249,Active,
U01056,Starter,29,Active,
U01057,Professional,79,Active,
U01058,Starter,29,Active,
U01059,Starter,29,Active,
U01060,Starter,29,Active,
U01061,Professional,79,Churned,2026-05-15
U01062,Enterprise,249,Churned,2026-02-18
U01063,Professional,79,Active,
U01064,Starter,29,Active,
U01065,Starter,29,Active,
U01066,Professional,79,Churned,2026-05-06
U01067,Free,0,Active,
U01068,Free,0,Active,
U01069,Starter,29,Active,
U01070,Free,0,Active,
U01071,Free,0,Active,
U01072,Free,0,Churned,2026-04-20
U01073,Free,0,Active,
U01074,Free,0,Active,
U01075,Enterprise,249,Active,
U01076,Starter,29,Churned,2026-03-18
U01077,Starter,29,Active,
U01078,Professional,79,Active,
U01079,Free,0,Active,
U01080,Enterprise,249,Active,
U01081,Professional,79,Active,
U01082,Free,0,Active,
U01083,Starter,29,Active,
U01084,Professional,79,Active,
U01085,Enterprise,249,Active,
U01086,Starter,29,Active,
U01087,Starter,29,Active,
U01088,Free,0,Active,
U01089,Enterprise,249,Active,
U01090,Free,0,Active,
U01091,Enterprise,249,Active,
U01092,Starter,29,Active,
U01093,Starter,29,Active,
U01094,Starter,29,Active,
U01095,Free,0,Churned,2026-05-13
U01096,Free,0,Active,
U01097,Free,0,Active,
U01098,Free,0,Active,
U01099,Professional,79,Churned,2026-02-06
U01100,Starter,29,Active,
U01101,Free,0,Active,
U01102,Enterprise,249,Active,
U01103,Professional,79,Churned,2026-05-16
U01104,Enterprise,249,Active,
U01105,Enterprise,249,Churned,2026-05-10
U01106,Free,0,Active,
U01107,Starter,29,Churned,2026-04-06
U01108,Professional,79,Churned,2026-02-11
U01109,Professional,79,Active,
U01110,Free,0,Active,
U01111,Professional,79,Active,
U01112,Free,0,Active,
U01113,Free,0,Active,
U01114,Starter,29,Active,
U01115,Starter,29,Active,
U01116,Starter,29,Active,
U01117,Free,0,Active,
U01118,Professional,79,Active,
U01119,Free,0,Active,
U01120,Free,0,Churned,2026-04-21
U01121,Professional,79,Churned,2026-03-20
U01122,Enterprise,249,Active,
U01123,Professional,79,Active,
U01124,Professional,79,Churned,2026-02-15
U01125,Professional,79,Active,
U01126,Starter,29,Active,
U01127,Free,0,Active,
U01128,Starter,29,Churned,2026-04-19
U01129,Starter,29,Active,
U01130,Free,0,Active,
U01131,Professional,79,Churned,2026-04-25
U01132,Starter,29,Active,
U01133,Free,0,Active,
U01134,Free,0,Active,
U01135,Professional,79,Active,
U01136,Free,0,Active,
U01137,Professional,79,Active,
U01138,Starter,29,Active,
U01139,Starter,29,Active,
U01140,Starter,29,Active,
U01141,Professional,79,Active,
U01142,Free,0,Churned,2026-03-16
U01143,Professional,79,Active,
U01144,Starter,29,Active,
U01145,Free,0,Active,
U01146,Professional,79,Active,
U01147,Professional,79,Active,
U01148,Professional,79,Churned,2026-04-24
U01149,Professional,79,Active,
U01150,Professional,79,Active,
U01151,Professional,79,Active,
U01152,Professional,79,Churned,2026-06-03
U01153,Professional,79,Active,
U01154,Professional,79,Churned,2026-04-15
U01155,Starter,29,Churned,2026-04-03
U01156,Professional,79,Active,
U01157,Free,0,Active,
U01158,Professional,79,Active,
U01159,Professional,79,Churned,2026-03-01
U01160,Free,0,Active,
U01161,Professional,79,Active,
U01162,Free,0,Active,
U01163,Free,0,Churned,2026-03-16
U01164,Professional,79,Active,
U01165,Free,0,Active,
U01166,Professional,79,Active,
U01167,Professional,79,Churned,2026-05-14
U01168,Starter,29,Churned,2026-03-26
U01169,Free,0,Churned,2026-03-21
U01170,Free,0,Active,
U01171,Starter,29,Active,
U01172,Enterprise,249,Active,
U01173,Starter,29,Active,
U01174,Free,0,Active,
U01175,Starter,29,Active,
U01176,Starter,29,Active,
U01177,Professional,79,Active,
U01178,Free,0,Active,
U01179,Professional,79,Active,
U01180,Starter,29,Active,
U01181,Enterprise,249,Churned,2026-04-03
U01182,Free,0,Active,
U01183,Starter,29,Active,
U01184,Enterprise,249,Churned,2026-06-06
U01185,Free,0,Active,
U01186,Enterprise,249,Active,
U01187,Professional,79,Active,
U01188,Free,0,Active,
U01189,Free,0,Active,
U01190,Professional,79,Churned,2026-06-09
U01191,Free,0,Churned,2026-04-13
U01192,Starter,29,Active,
U01193,Free,0,Active,
U01194,Starter,29,Active,
U01195,Free,0,Active,
U01196,Professional,79,Active,
U01197,Enterprise,249,Churned,2026-03-10
U01198,Enterprise,249,Churned,2026-02-26
U01199,Professional,79,Active,
U01200,Free,0,Active,
U01201,Professional,79,Churned,2026-02-27
U01202,Free,0,Active,
U01203,Free,0,Active,
U01204,Free,0,Active,
U01205,Starter,29,Active,
U01206,Professional,79,Churned,2026-05-30
U01207,Professional,79,Churned,2026-04-16
U01208,Starter,29,Active,
U01209,Free,0,Churned,2026-05-05
U01210,Enterprise,249,Active,
U01211,Starter,29,Active,
U01212,Starter,29,Active,
U01213,Free,0,Active,
U01214,Professional,79,Active,
U01215,Professional,79,Active,
U01216,Free,0,Active,
U01217,Free,0,Active,
U01218,Professional,79,Active,
U01219,Professional,79,Active,
U01220,Free,0,Active,
U01221,Enterprise,249,Active,
U01222,Free,0,Churned,2026-04-16
U01223,Starter,29,Active,
U01224,Enterprise,249,Churned,2026-03-23
U01225,Starter,29,Churned,2026-06-14
U01226,Starter,29,Active,
U01227,Starter,29,Churned,2026-05-09
U01228,Free,0,Active,
U01229,Enterprise,249,Active,
U01230,Starter,29,Active,
U01231,Professional,79,Active,
U01232,Free,0,Churned,2026-04-28
U01233,Free,0,Churned,2026-03-16
U01234,Free,0,Active,
U01235,Professional,79,Active,
U01236,Starter,29,Active,
U01237,Professional,79,Active,
U01238,Starter,29,Active,
U01239,Enterprise,249,Churned,2026-03-03
U01240,Free,0,Active,
U01241,Professional,79,Churned,2026-04-20
U01242,Professional,79,Active,
U01243,Professional,79,Active,
U01244,Professional,79,Active,
U01245,Professional,79,Active,
U01246,Starter,29,Active,
U01247,Free,0,Active,
U01248,Free,0,Active,
U01249,Enterprise,249,Active,
U01250,Starter,29,Active,
U01251,Professional,79,Active,
U01252,Starter,29,Active,
U01253,Free,0,Active,
U01254,Free,0,Active,
U01255,Professional,79,Active,
U01256,Starter,29,Active,
U01257,Free,0,Churned,2026-04-08
U01258,Starter,29,Churned,2026-04-10
U01259,Free,0,Active,
U01260,Starter,29,Active,
U01261,Free,0,Active,
U01262,Professional,79,Active,
U01263,Free,0,Active,
U01264,Starter,29,Churned,2026-03-30
U01265,Free,0,Churned,2026-01-31
U01266,Free,0,Active,
U01267,Starter,29,Active,
U01268,Starter,29,Active,
U01269,Starter,29,Churned,2026-04-23
U01270,Free,0,Active,
U01271,Professional,79,Churned,2026-03-23
U01272,Professional,79,Active,
U01273,Professional,79,Active,
U01274,Free,0,Active,
U01275,Starter,29,Active,
U01276,Free,0,Active,
U01277,Free,0,Churned,2026-04-16
U01278,Enterprise,249,Active,
U01279,Free,0,Churned,2026-03-06
U01280,Starter,29,Churned,2026-01-28
U01281,Starter,29,Active,
U01282,Professional,79,Active,
U01283,Starter,29,Active,
U01284,Free,0,Active,
U01285,Free,0,Active,
U01286,Starter,29,Active,
U01287,Free,0,Active,
U01288,Starter,29,Active,
U01289,Free,0,Churned,2026-03-03
U01290,Free,0,Churned,2026-05-05
U01291,Starter,29,Churned,2026-04-09
U01292,Free,0,Churned,2026-04-02
U01293,Starter,29,Churned,2026-04-01
U01294,Professional,79,Active,
U01295,Professional,79,Active,
U01296,Free,0,Active,
U01297,Free,0,Active,
U01298,Free,0,Active,
U01299,Starter,29,Active,
U01300,Professional,79,Churned,2026-03-02
U01301,Free,0,Churned,2026-03-30
U01302,Enterprise,249,Churned,2026-06-05
U01303,Free,0,Active,
U01304,Starter,29,Active,
U01305,Professional,79,Churned,2026-05-26
U01306,Professional,79,Active,
U01307,Professional,79,Active,
U01308,Professional,79,Active,
U01309,Free,0,Active,
U01310,Professional,79,Active,
U01311,Free,0,Active,
U01312,Professional,79,Churned,2026-02-19
U01313,Starter,29,Active,
U01314,Professional,79,Active,
U01315,Starter,29,Active,
U01316,Starter,29,Active,
U01317,Starter,29,Active,
U01318,Professional,79,Churned,2026-04-22
U01319,Free,0,Active,
U01320,Free,0,Active,
U01321,Free,0,Active,
U01322,Free,0,Active,
U01323,Professional,79,Active,
U01324,Free,0,Active,
U01325,Enterprise,249,Active,
U01326,Free,0,Active,
U01327,Free,0,Active,
U01328,Professional,79,Churned,2026-02-19
U01329,Professional,79,Active,
U01330,Starter,29,Active,
U01331,Starter,29,Active,
U01332,Professional,79,Active,
U01333,Free,0,Churned,2026-04-11
U01334,Enterprise,249,Churned,2026-02-25
U01335,Enterprise,249,Churned,2026-03-27
U01336,Professional,79,Active,
U01337,Free,0,Active,
U01338,Professional,79,Active,
U01339,Free,0,Active,
U01340,Free,0,Active,
U01341,Free,0,Active,
U01342,Starter,29,Active,
U01343,Professional,79,Active,
U01344,Professional,79,Active,
U01345,Professional,79,Active,
U01346,Starter,29,Churned,2026-06-13
U01347,Free,0,Active,
U01348,Starter,29,Churned,2026-03-31
U01349,Enterprise,249,Churned,2026-03-28
U01350,Free,0,Churned,2026-04-27
U01351,Professional,79,Churned,2026-03-03
U01352,Starter,29,Churned,2026-05-06
U01353,Starter,29,Active,
U01354,Professional,79,Active,
U01355,Starter,29,Churned,2026-03-11
U01356,Professional,79,Active,
U01357,Enterprise,249,Active,
U01358,Starter,29,Active,
U01359,Free,0,Active,
U01360,Starter,29,Active,
U01361,Enterprise,249,Active,
U01362,Free,0,Active,
U01363,Starter,29,Churned,2026-02-09
U01364,Starter,29,Active,
U01365,Professional,79,Churned,2026-03-17
U01366,Free,0,Active,
U01367,Professional,79,Active,
U01368,Enterprise,249,Active,
U01369,Free,0,Churned,2026-04-21
U01370,Free,0,Active,
U01371,Enterprise,249,Active,
U01372,Free,0,Active,
U01373,Professional,79,Active,
U01374,Starter,29,Active,
U01375,Free,0,Active,
U01376,Professional,79,Active,
U01377,Starter,29,Active,
U01378,Starter,29,Active,
U01379,Starter,29,Active,
U01380,Starter,29,Active,
U01381,Free,0,Churned,2026-04-12
U01382,Starter,29,Active,
U01383,Enterprise,249,Active,
U01384,Free,0,Active,
U01385,Professional,79,Active,
U01386,Free,0,Active,
U01387,Professional,79,Churned,2026-05-05
U01388,Free,0,Active,
U01389,Enterprise,249,Active,
U01390,Starter,29,Active,
U01391,Free,0,Active,
U01392,Free,0,Active,
U01393,Free,0,Churned,2026-04-28
U01394,Starter,29,Active,
U01395,Free,0,Active,
U01396,Professional,79,Active,
U01397,Starter,29,Active,
U01398,Free,0,Churned,2026-03-19
U01399,Starter,29,Active,
U01400,Professional,79,Churned,2026-03-08
U01401,Free,0,Active,
U01402,Free,0,Active,
U01403,Free,0,Active,
U01404,Professional,79,Churned,2026-03-13
U01405,Professional,79,Active,
U01406,Starter,29,Active,
U01407,Professional,79,Active,
U01408,Professional,79,Active,
U01409,Starter,29,Active,
U01410,Professional,79,Active,
U01411,Free,0,Active,
U01412,Free,0,Active,
U01413,Free,0,Active,
U01414,Free,0,Churned,2026-03-25
U01415,Starter,29,Active,
U01416,Enterprise,249,Churned,2026-06-21
U01417,Free,0,Churned,2026-03-27
U01418,Free,0,Churned,2026-02-23
U01419,Starter,29,Active,
U01420,Enterprise,249,Active,
U01421,Free,0,Churned,2026-05-23
U01422,Starter,29,Active,
U01423,Free,0,Active,
U01424,Free,0,Churned,2026-05-06
U01425,Enterprise,249,Active,
U01426,Enterprise,249,Active,
U01427,Free,0,Active,
U01428,Enterprise,249,Active,
U01429,Starter,29,Active,
U01430,Professional,79,Churned,2026-04-30
U01431,Starter,29,Active,
U01432,Starter,29,Active,
U01433,Starter,29,Active,
U01434,Professional,79,Active,
U01435,Free,0,Churned,2026-04-01
U01436,Free,0,Active,
U01437,Free,0,Active,
U01438,Professional,79,Active,
U01439,Free,0,Active,
U01440,Professional,79,Active,
U01441,Enterprise,249,Active,
U01442,Free,0,Active,
U01443,Professional,79,Churned,2026-06-01
U01444,Starter,29,Active,
U01445,Professional,79,Active,
U01446,Free,0,Active,
U01447,Professional,79,Churned,2026-04-05
U01448,Professional,79,Churned,2026-01-26
U01449,Enterprise,249,Churned,2026-05-03
U01450,Professional,79,Active,
U01451,Starter,29,Active,
U01452,Starter,29,Active,
U01453,Professional,79,Active,
U01454,Starter,29,Active,
U01455,Free,0,Active,
U01456,Enterprise,249,Active,
U01457,Professional,79,Churned,2026-03-20
U01458,Professional,79,Active,
U01459,Free,0,Active,
U01460,Professional,79,Active,
U01461,Starter,29,Active,
U01462,Professional,79,Active,
U01463,Free,0,Active,
U01464,Professional,79,Active,
U01465,Enterprise,249,Active,
U01466,Free,0,Active,
U01467,Enterprise,249,Churned,2026-05-24
U01468,Starter,29,Active,
U01469,Professional,79,Active,
U01470,Professional,79,Active,
U01471,Starter,29,Churned,2026-03-13
U01472,Professional,79,Active,
U01473,Professional,79,Churned,2026-02-23
U01474,Starter,29,Churned,2026-04-01
U01475,Free,0,Churned,2026-03-19
U01476,Professional,79,Active,
U01477,Professional,79,Active,
U01478,Professional,79,Active,
U01479,Professional,79,Active,
U01480,Starter,29,Churned,2026-02-19
U01481,Professional,79,Active,
U01482,Free,0,Active,
U01483,Starter,29,Active,
U01484,Free,0,Churned,2026-01-18
U01485,Free,0,Active,
U01486,Starter,29,Active,
U01487,Starter,29,Active,
U01488,Professional,79,Churned,2026-04-09
U01489,Starter,29,Churned,2026-02-14
U01490,Starter,29,Churned,2026-06-19
U01491,Free,0,Active,
U01492,Starter,29,Active,
U01493,Free,0,Active,
U01494,Free,0,Active,
U01495,Starter,29,Active,
U01496,Professional,79,Active,
U01497,Starter,29,Churned,2026-03-25
U01498,Starter,29,Churned,2026-04-03
U01499,Starter,29,Active,
U01500,Professional,79,Churned,2026-06-19
U01501,Starter,29,Churned,2026-02-24
U01502,Starter,29,Churned,2026-03-20
U01503,Free,0,Active,
U01504,Free,0,Active,
U01505,Starter,29,Active,
U01506,Starter,29,Active,
U01507,Starter,29,Churned,2026-04-21
U01508,Starter,29,Churned,2026-01-28
U01509,Starter,29,Active,
U01510,Professional,79,Active,
U01511,Professional,79,Active,
U01512,Professional,79,Active,
U01513,Enterprise,249,Active,
U01514,Free,0,Active,
U01515,Free,0,Active,
U01516,Free,0,Active,
U01517,Starter,29,Churned,2026-04-17
U01518,Professional,79,Churned,2026-05-20
U01519,Free,0,Active,
U01520,Enterprise,249,Active,
U01521,Free,0,Active,
U01522,Enterprise,249,Churned,2026-04-21
U01523,Starter,29,Active,
U01524,Free,0,Churned,2026-04-20
U01525,Starter,29,Active,
U01526,Free,0,Churned,2026-06-08
U01527,Free,0,Active,
U01528,Free,0,Active,
U01529,Professional,79,Active,
U01530,Starter,29,Active,
U01531,Free,0,Churned,2026-05-08
U01532,Starter,29,Active,
U01533,Professional,79,Active,
U01534,Free,0,Active,
U01535,Starter,29,Churned,2026-03-11
U01536,Free,0,Active,
U01537,Free,0,Active,
U01538,Professional,79,Active,
U01539,Free,0,Active,
U01540,Starter,29,Active,
U01541,Professional,79,Churned,2026-03-05
U01542,Free,0,Active,
U01543,Starter,29,Active,
U01544,Free,0,Active,
U01545,Enterprise,249,Churned,2026-04-11
U01546,Starter,29,Churned,2026-03-15
U01547,Professional,79,Churned,2026-06-02
U01548,Starter,29,Churned,2026-03-27
U01549,Free,0,Churned,2026-02-13
U01550,Starter,29,Active,
U01551,Enterprise,249,Active,
U01552,Starter,29,Active,
U01553,Professional,79,Churned,2026-05-21
U01554,Professional,79,Active,
U01555,Free,0,Active,
U01556,Free,0,Active,
U01557,Starter,29,Churned,2026-05-25
U01558,Starter,29,Active,
U01559,Professional,79,Active,
U01560,Enterprise,249,Active,
U01561,Starter,29,Active,
U01562,Free,0,Active,
U01563,Professional,79,Active,
U01564,Free,0,Active,
U01565,Professional,79,Active,
U01566,Starter,29,Active,
U01567,Professional,79,Active,
U01568,Free,0,Active,
U01569,Starter,29,Active,
U01570,Starter,29,Active,
U01571,Starter,29,Active,
U01572,Free,0,Active,
U01573,Professional,79,Active,
U01574,Professional,79,Churned,2026-03-08
U01575,Free,0,Active,
U01576,Free,0,Active,
U01577,Free,0,Active,
U01578,Starter,29,Churned,2026-03-31
U01579,Starter,29,Active,
U01580,Starter,29,Active,
U01581,Free,0,Active,
U01582,Starter,29,Active,
U01583,Starter,29,Active,
U01584,Starter,29,Active,
U01585,Enterprise,249,Churned,2026-05-10
U01586,Free,0,Churned,2026-05-04
U01587,Professional,79,Active,
U01588,Starter,29,Active,
U01589,Starter,29,Active,
U01590,Professional,79,Active,
U01591,Professional,79,Churned,2026-03-26
U01592,Enterprise,249,Churned,2026-03-07
U01593,Free,0,Active,
U01594,Free,0,Active,
U01595,Professional,79,Active,
U01596,Starter,29,Active,
U01597,Free,0,Active,
U01598,Free,0,Churned,2026-05-13
U01599,Free,0,Churned,2026-03-22
U01600,Professional,79,Active,
U01601,Free,0,Active,
U01602,Free,0,Active,
U01603,Free,0,Active,
U01604,Starter,29,Active,
U01605,Free,0,Churned,2026-02-22
U01606,Starter,29,Active,
U01607,Free,0,Active,
U01608,Professional,79,Active,
U01609,Free,0,Active,
U01610,Starter,29,Active,
U01611,Professional,79,Active,
U01612,Professional,79,Churned,2026-03-28
U01613,Starter,29,Active,
U01614,Free,0,Churned,2026-02-22
U01615,Free,0,Active,
U01616,Professional,79,Churned,2026-05-09
U01617,Enterprise,249,Active,
U01618,Professional,79,Active,
U01619,Starter,29,Active,
U01620,Professional,79,Active,
U01621,Starter,29,Active,
U01622,Free,0,Churned,2026-05-24
U01623,Starter,29,Churned,2026-05-13
U01624,Enterprise,249,Churned,2026-01-13
U01625,Free,0,Active,
U01626,Professional,79,Active,
U01627,Free,0,Active,
U01628,Starter,29,Active,
U01629,Free,0,Churned,2026-05-19
U01630,Starter,29,Active,
U01631,Professional,79,Active,
U01632,Free,0,Churned,2026-03-12
U01633,Professional,79,Active,
U01634,Professional,79,Churned,2026-01-31
U01635,Enterprise,249,Active,
U01636,Free,0,Active,
U01637,Starter,29,Active,
U01638,Free,0,Active,
U01639,Enterprise,249,Active,
U01640,Enterprise,249,Active,
U01641,Starter,29,Churned,2026-03-10
U01642,Professional,79,Active,
U01643,Starter,29,Active,
U01644,Starter,29,Active,
U01645,Free,0,Active,
U01646,Professional,79,Churned,2026-03-15
U01647,Free,0,Active,
U01648,Professional,79,Active,
U01649,Professional,79,Active,
U01650,Professional,79,Active,
U01651,Free,0,Active,
U01652,Free,0,Churned,2026-04-09
U01653,Free,0,Active,
U01654,Starter,29,Active,
U01655,Free,0,Active,
U01656,Enterprise,249,Active,
U01657,Starter,29,Churned,2026-03-27
U01658,Free,0,Active,
U01659,Starter,29,Active,
U01660,Starter,29,Active,
U01661,Starter,29,Active,
U01662,Starter,29,Churned,2026-04-09
U01663,Enterprise,249,Active,
U01664,Starter,29,Active,
U01665,Enterprise,249,Churned,2026-03-14
U01666,Professional,79,Churned,2026-02-14
U01667,Free,0,Active,
U01668,Enterprise,249,Active,
U01669,Free,0,Active,
U01670,Professional,79,Active,
U01671,Starter,29,Active,
U01672,Professional,79,Active,
U01673,Professional,79,Active,
U01674,Professional,79,Active,
U01675,Professional,79,Active,
U01676,Free,0,Active,
U01677,Free,0,Active,
U01678,Starter,29,Churned,2026-05-28
U01679,Free,0,Churned,2026-06-03
U01680,Professional,79,Active,
U01681,Free,0,Active,
U01682,Enterprise,249,Active,
U01683,Starter,29,Active,
U01684,Professional,79,Active,
U01685,Free,0,Active,
U01686,Professional,79,Active,
U01687,Enterprise,249,Active,
U01688,Starter,29,Churned,2026-03-01
U01689,Starter,29,Active,
U01690,Professional,79,Active,
U01691,Free,0,Churned,2026-03-24
U01692,Starter,29,Active,
U01693,Starter,29,Active,
U01694,Free,0,Churned,2026-03-02
U01695,Starter,29,Active,
U01696,Free,0,Churned,2026-06-09
U01697,Free,0,Churned,2026-02-15
U01698,Free,0,Active,
U01699,Enterprise,249,Active,
U01700,Starter,29,Active,
U01701,Enterprise,249,Active,
U01702,Starter,29,Active,
U01703,Free,0,Active,
U01704,Starter,29,Active,
U01705,Starter,29,Churned,2026-03-21
U01706,Free,0,Active,
U01707,Starter,29,Active,
U01708,Free,0,Churned,2026-03-14
U01709,Starter,29,Active,
U01710,Professional,79,Active,
U01711,Free,0,Active,
U01712,Free,0,Active,
U01713,Professional,79,Active,
U01714,Starter,29,Active,
U01715,Free,0,Active,
U01716,Enterprise,249,Churned,2026-04-23
U01717,Free,0,Active,
U01718,Professional,79,Active,
U01719,Enterprise,249,Churned,2026-03-03
U01720,Free,0,Churned,2026-04-03
U01721,Free,0,Active,
U01722,Free,0,Active,
U01723,Free,0,Active,
U01724,Free,0,Churned,2026-02-19
U01725,Professional,79,Active,
U01726,Free,0,Active,
U01727,Starter,29,Active,
U01728,Enterprise,249,Active,
U01729,Professional,79,Churned,2026-05-06
U01730,Starter,29,Active,
U01731,Free,0,Active,
U01732,Starter,29,Active,
U01733,Starter,29,Active,
U01734,Starter,29,Active,
U01735,Free,0,Active,
U01736,Professional,79,Active,
U01737,Starter,29,Active,
U01738,Free,0,Churned,2026-03-10
U01739,Starter,29,Active,
U01740,Starter,29,Active,
U01741,Professional,79,Active,
U01742,Professional,79,Active,
U01743,Professional,79,Active,
U01744,Free,0,Active,
U01745,Starter,29,Churned,2026-03-13
U01746,Starter,29,Active,
U01747,Free,0,Active,
U01748,Free,0,Active,
U01749,Professional,79,Active,
U01750,Free,0,Active,
U01751,Starter,29,Churned,2026-02-27
U01752,Free,0,Active,
U01753,Free,0,Active,
U01754,Free,0,Churned,2026-04-15
U01755,Enterprise,249,Active,
U01756,Professional,79,Active,
U01757,Enterprise,249,Churned,2026-05-08
U01758,Starter,29,Churned,2026-03-29
U01759,Free,0,Active,
U01760,Starter,29,Active,
U01761,Starter,29,Active,
U01762,Professional,79,Active,
U01763,Free,0,Active,
U01764,Starter,29,Active,
U01765,Free,0,Active,
U01766,Free,0,Churned,2026-05-01
U01767,Professional,79,Active,
U01768,Starter,29,Active,
U01769,Starter,29,Churned,2026-04-05
U01770,Starter,29,Active,
U01771,Starter,29,Active,
U01772,Professional,79,Active,
U01773,Professional,79,Active,
U01774,Enterprise,249,Churned,2026-04-30
U01775,Professional,79,Churned,2026-04-24
U01776,Free,0,Active,
U01777,Professional,79,Active,
U01778,Starter,29,Active,
U01779,Free,0,Churned,2026-03-20
U01780,Professional,79,Churned,2026-04-27
U01781,Free,0,Active,
U01782,Enterprise,249,Active,
U01783,Starter,29,Active,
U01784,Starter,29,Churned,2026-04-15
U01785,Professional,79,Active,
U01786,Professional,79,Active,
U01787,Starter,29,Active,
U01788,Starter,29,Active,
U01789,Free,0,Active,
U01790,Starter,29,Active,
U01791,Free,0,Active,
U01792,Professional,79,Active,
U01793,Starter,29,Active,
U01794,Professional,79,Active,
U01795,Free,0,Churned,2026-06-08
U01796,Free,0,Active,
U01797,Professional,79,Active,
U01798,Free,0,Active,
U01799,Free,0,Active,
U01800,Free,0,Active,
U01801,Enterprise,249,Active,
U01802,Professional,79,Active,
U01803,Starter,29,Active,
U01804,Free,0,Churned,2026-01-27
U01805,Free,0,Active,
U01806,Professional,79,Churned,2026-04-16
U01807,Professional,79,Active,
U01808,Free,0,Churned,2026-02-14
U01809,Free,0,Active,
U01810,Free,0,Active,
U01811,Professional,79,Churned,2026-04-03
U01812,Professional,79,Churned,2026-04-28
U01813,Free,0,Churned,2026-04-25
U01814,Free,0,Active,
U01815,Free,0,Churned,2026-04-05
U01816,Enterprise,249,Churned,2026-04-26
U01817,Free,0,Active,
U01818,Professional,79,Active,
U01819,Starter,29,Churned,2026-02-11
U01820,Starter,29,Churned,2026-06-11
U01821,Free,0,Active,
U01822,Free,0,Active,
U01823,Starter,29,Active,
U01824,Professional,79,Active,
U01825,Starter,29,Active,
U01826,Starter,29,Active,
U01827,Free,0,Active,
U01828,Enterprise,249,Active,
U01829,Professional,79,Active,
U01830,Free,0,Churned,2026-03-23
U01831,Enterprise,249,Active,
U01832,Starter,29,Active,
U01833,Starter,29,Active,
U01834,Professional,79,Active,
U01835,Professional,79,Active,
U01836,Professional,79,Active,
U01837,Free,0,Active,
U01838,Free,0,Churned,2026-02-01
U01839,Enterprise,249,Active,
U01840,Free,0,Active,
U01841,Starter,29,Active,
U01842,Starter,29,Active,
U01843,Starter,29,Active,
U01844,Starter,29,Active,
U01845,Enterprise,249,Active,
U01846,Free,0,Active,
U01847,Free,0,Active,
U01848,Free,0,Active,
U01849,Professional,79,Churned,2026-03-05
U01850,Starter,29,Active,
U01851,Free,0,Churned,2026-03-31
U01852,Professional,79,Active,
U01853,Professional,79,Churned,2026-04-23
U01854,Professional,79,Active,
U01855,Enterprise,249,Active,
U01856,Free,0,Active,
U01857,Professional,79,Churned,2026-02-21
U01858,Starter,29,Active,
U01859,Professional,79,Churned,2026-05-08
U01860,Professional,79,Churned,2026-03-22
U01861,Professional,79,Churned,2026-02-16
U01862,Professional,79,Active,
U01863,Free,0,Active,
U01864,Starter,29,Active,
U01865,Enterprise,249,Active,
U01866,Enterprise,249,Churned,2026-04-01
U01867,Free,0,Churned,2026-03-29
U01868,Free,0,Active,
U01869,Free,0,Active,
U01870,Professional,79,Churned,2026-04-22
U01871,Professional,79,Active,
U01872,Free,0,Active,
U01873,Starter,29,Active,
U01874,Professional,79,Active,
U01875,Professional,79,Churned,2026-03-01
U01876,Starter,29,Active,
U01877,Starter,29,Active,
U01878,Starter,29,Active,
U01879,Free,0,Active,
U01880,Starter,29,Active,
U01881,Professional,79,Active,
U01882,Professional,79,Churned,2026-03-17
U01883,Starter,29,Active,
U01884,Professional,79,Churned,2026-04-07
U01885,Free,0,Active,
U01886,Starter,29,Churned,2026-05-19
U01887,Free,0,Active,
U01888,Free,0,Active,
U01889,Professional,79,Churned,2026-02-08
U01890,Enterprise,249,Churned,2026-02-16
U01891,Free,0,Churned,2026-04-21
U01892,Starter,29,Active,
U01893,Professional,79,Active,
U01894,Free,0,Active,
U01895,Starter,29,Active,
U01896,Professional,79,Active,
U01897,Starter,29,Churned,2026-02-23
U01898,Free,0,Active,
U01899,Starter,29,Active,
U01900,Professional,79,Active,
U01901,Starter,29,Active,
U01902,Free,0,Active,
U01903,Professional,79,Active,
U01904,Free,0,Active,
U01905,Professional,79,Churned,2026-06-15
U01906,Free,0,Churned,2026-03-14
U01907,Enterprise,249,Active,
U01908,Starter,29,Active,
U01909,Free,0,Active,
U01910,Free,0,Churned,2026-02-25
U01911,Free,0,Active,
U01912,Professional,79,Active,
U01913,Enterprise,249,Active,
U01914,Starter,29,Active,
U01915,Starter,29,Churned,2026-04-20
U01916,Professional,79,Churned,2026-02-20
U01917,Professional,79,Active,
U01918,Starter,29,Active,
U01919,Starter,29,Active,
U01920,Starter,29,Active,
U01921,Professional,79,Churned,2026-03-05
U01922,Free,0,Active,
U01923,Starter,29,Churned,2026-03-24
U01924,Starter,29,Active,
U01925,Professional,79,Active,
U01926,Free,0,Churned,2026-05-05
U01927,Starter,29,Churned,2026-03-12
U01928,Starter,29,Active,
U01929,Starter,29,Active,
U01930,Free,0,Active,
U01931,Starter,29,Active,
U01932,Starter,29,Active,
U01933,Starter,29,Active,
U01934,Starter,29,Active,
U01935,Professional,79,Active,
U01936,Professional,79,Active,
U01937,Free,0,Active,
U01938,Professional,79,Active,
U01939,Starter,29,Active,
U01940,Free,0,Churned,2026-04-21
U01941,Free,0,Active,
U01942,Free,0,Active,
U01943,Professional,79,Churned,2026-06-19
U01944,Professional,79,Active,
U01945,Professional,79,Active,
U01946,Starter,29,Churned,2026-02-05
U01947,Starter,29,Active,
U01948,Free,0,Active,
U01949,Free,0,Active,
U01950,Starter,29,Active,
U01951,Free,0,Active,
U01952,Free,0,Churned,2026-03-23
U01953,Starter,29,Active,
U01954,Professional,79,Active,
U01955,Enterprise,249,Active,
U01956,Enterprise,249,Active,
U01957,Starter,29,Churned,2026-02-11
U01958,Starter,29,Churned,2026-03-28
U01959,Starter,29,Active,
U01960,Professional,79,Active,
U01961,Free,0,Active,
U01962,Starter,29,Churned,2026-03-11
U01963,Professional,79,Churned,2026-05-24
U01964,Starter,29,Active,
U01965,Starter,29,Active,
U01966,Starter,29,Active,
U01967,Free,0,Active,
U01968,Starter,29,Active,
U01969,Free,0,Active,
U01970,Free,0,Active,
U01971,Free,0,Churned,2026-03-20
U01972,Professional,79,Active,
U01973,Free,0,Active,
U01974,Starter,29,Active,
U01975,Free,0,Active,
U01976,Enterprise,249,Active,
U01977,Free,0,Active,
U01978,Starter,29,Active,
U01979,Professional,79,Active,
U01980,Professional,79,Active,
U01981,Free,0,Active,
U01982,Professional,79,Churned,2026-04-26
U01983,Starter,29,Active,
U01984,Starter,29,Active,
U01985,Free,0,Active,
U01986,Free,0,Active,
U01987,Professional,79,Active,
U01988,Starter,29,Active,
U01989,Starter,29,Churned,2026-03-24
U01990,Professional,79,Active,
U01991,Professional,79,Churned,2026-04-09
U01992,Free,0,Active,
U01993,Starter,29,Active,
U01994,Free,0,Active,
U01995,Professional,79,Active,
U01996,Professional,79,Active,
U01997,Enterprise,249,Active,
U01998,Free,0,Active,
U01999,Free,0,Active,
U02000,Free,0,Churned,2026-02-18
